﻿<?xml version="1.0" encoding="utf-8"?>
<deployment>
  <id>be62e876-4e85-44e2-bd24-6be3cacb2e0b</id>
  <author>N/A</author>
  <deployer>Push-Deployer</deployer>
  <authorEmail>N/A</authorEmail>
  <message>Created via a push deployment</message>
  <progress></progress>
  <status>Failed</status>
  <statusText></statusText>
  <lastSuccessEndTime />
  <receivedTime>2025-10-30T15:28:06.3760693Z</receivedTime>
  <startTime>2025-10-30T15:28:07.7973711Z</startTime>
  <endTime>2025-10-30T15:29:17.9699502Z</endTime>
  <complete>True</complete>
  <is_temp>False</is_temp>
  <is_readonly>True</is_readonly>
  <buildSummary>
    <warning>
      <message>Traceback (most recent call last):
  File "/tmp/8de17c8ed824110/antenv/lib/python3.11/site-packages/django/core/management/__init__.py", line 255, in fetch_command
    app_name = commands[subcommand]
               ~~~~~~~~^^^^^^^^^^^^
KeyError: 'collectstatic'

During handling of the above exception, another exception occurred:

Traceback (most recent call last):
  File "/tmp/8de17c8ed824110/manage.py", line 22, in &lt;module&gt;
    main()
  File "/tmp/8de17c8ed824110/manage.py", line 18, in main
    execute_from_command_line(sys.argv)
  File "/tmp/8de17c8ed824110/antenv/lib/python3.11/site-packages/django/core/management/__init__.py", line 442, in execute_from_command_line
    utility.execute()
  File "/tmp/8de17c8ed824110/antenv/lib/python3.11/site-packages/django/core/management/__init__.py", line 436, in execute
    self.fetch_command(subcommand).run_from_argv(self.argv)
    ^^^^^^^^^^^^^^^^^^^^^^^^^^^^^^
  File "/tmp/8de17c8ed824110/antenv/lib/python3.11/site-packages/django/core/management/__init__.py", line 262, in fetch_command
    settings.INSTALLED_APPS
  File "/tmp/8de17c8ed824110/antenv/lib/python3.11/site-packages/django/conf/__init__.py", line 89, in __getattr__
    self._setup(name)
  File "/tmp/8de17c8ed824110/antenv/lib/python3.11/site-packages/django/conf/__init__.py", line 76, in _setup
    self._wrapped = Settings(settings_module)
                    ^^^^^^^^^^^^^^^^^^^^^^^^^
  File "/tmp/8de17c8ed824110/antenv/lib/python3.11/site-packages/django/conf/__init__.py", line 190, in __init__
    mod = importlib.import_module(self.SETTINGS_MODULE)
          ^^^^^^^^^^^^^^^^^^^^^^^^^^^^^^^^^^^^^^^^^^^^^
  File "/tmp/oryx/platforms/python/3.11.14/lib/python3.11/importlib/__init__.py", line 126, in import_module
    return _bootstrap._gcd_import(name[level:], package, level)
           ^^^^^^^^^^^^^^^^^^^^^^^^^^^^^^^^^^^^^^^^^^^^^^^^^^^^
  File "&lt;frozen importlib._bootstrap&gt;", line 1204, in _gcd_import
  File "&lt;frozen importlib._bootstrap&gt;", line 1176, in _find_and_load
  File "&lt;frozen importlib._bootstrap&gt;", line 1147, in _find_and_load_unlocked
  File "&lt;frozen importlib._bootstrap&gt;", line 690, in _load_unlocked
  File "&lt;frozen importlib._bootstrap_external&gt;", line 940, in exec_module
  File "&lt;frozen importlib._bootstrap&gt;", line 241, in _call_with_frames_removed
  File "/tmp/8de17c8ed824110/config/settings.py", line 14, in &lt;module&gt;
    from decouple import config
ModuleNotFoundError: No module named 'decouple' </message>
      <timestamp>2025-10-30 15:29:13</timestamp>
      <exitCode>1</exitCode>
      <recommendation>Please review message</recommendation>
      <urlToGetMoreInformation>https://aka.ms/troubleshoot-python</urlToGetMoreInformation>
    </warning>
  </buildSummary>
</deployment>