<step title="Incoming Request" date="2025-10-30T15:28:01.111" instance="1b1f15" url="/api/zipdeploy?isAsync=true" method="POST" type="request" pid="768,1,14" Accept="*/*" Host="upeu-ppp-api-5983.scm.azurewebsites.net" User-Agent="AZURECLI/2.78.0 (MSI)" Accept-Encoding="gzip, deflate" Authorization="Bea..." Cache-Control="no-cache" Content-Type="application/octet-stream" Content-Length="2579789" x-ms-client-request-id="b3b36227-b5a4-11f0-8793-088fc38ad672" x-ms-artifact-checksum="846afa5dfef8012efff8ef0a79783d8118f58cc891757aba3061ee1fa0de3be3" X-ARR-LOG-ID="b3b36227-b5a4-11f0-8793-088fc38ad672" CLIENT-IP="201.218.157.74:37849" X-SITE-DEPLOYMENT-ID="upeu-ppp-api-5983" WAS-DEFAULT-HOSTNAME="upeu-ppp-api-5983.scm.azurewebsites.net" X-Forwarded-Proto="https" X-AppService-Proto="https" X-Forwarded-TlsVersion="1.3" X-WAWS-Unencoded-URL="/api/zipdeploy?isAsync=true" X-Client-IP="201.218.157.74" X-Client-Port="37849" >
  <step title="ZipPushDeploy" date="2025-10-30T15:28:01.338" >
    <step title="ZipDeploy. Extract zip. Remote build." date="2025-10-30T15:28:01.343" /><!-- duration: 3ms -->
    <step title="None repository commit" date="2025-10-30T15:28:01.352" >
      <step title="Commit id: be62e876-4e85-44e2-bd24-6be3cacb2e0b" date="2025-10-30T15:28:01.356" Message="N/A" AuthorName="N/A" AuthorEmail="N/A" /><!-- duration: 3ms -->
    </step><!-- duration: 9ms -->
    <step title="Starting PushDeployAsync" date="2025-10-30T15:28:01.364" /><!-- duration: 3ms -->
    <step title="Writing artifact to /tmp/zipdeploy/82564ef2-0f63-444c-80ac-6501b84dbc0b.zip" date="2025-10-30T15:28:01.427" >
      <step title="Writing multipart request body to /tmp/zipdeploy/82564ef2-0f63-444c-80ac-6501b84dbc0b.zip" date="2025-10-30T15:28:01.431" /><!-- duration: 3ms -->
    </step><!-- duration: 55ms -->
    <step title="Start deployment in the background" date="2025-10-30T15:28:01.499" >
      <step title="Acquiring Deployment Lock" date="2025-10-30T15:28:01.520" /><!-- duration: 2ms -->
      <step title="Acquired Deployment Lock" date="2025-10-30T15:28:01.677" /><!-- duration: 2ms -->
    </step><!-- duration: 296ms -->
  </step><!-- duration: 463ms -->
  <step title="Outgoing response" date="2025-10-30T15:28:01.811" type="response" statusCode="202" statusText="Accepted" /><!-- duration: 11ms -->
</step><!-- duration: 713ms -->
