<step title="BackgroundTrace" date="2025-10-30T15:28:01.502" instance="1b1f15" url="/api/zipdeploy" method="POST" >
  <step title="Creating temporary deployment - FetchDeploymentManager" date="2025-10-30T15:28:01.681" /><!-- duration: 2ms -->
  <step title="Creating temporary deployment" date="2025-10-30T15:28:01.686" /><!-- duration: 107ms -->
  <step title="Performing fetch based deployment" date="2025-10-30T15:28:01.837" >
    <step title="Cleaning up temp folders from previous zip deployments and extracting pushed zip file /tmp/zipdeploy/82564ef2-0f63-444c-80ac-6501b84dbc0b.zip (2.46 MB) to /tmp/zipdeploy/extracted" date="2025-10-30T15:28:03.045" >
      <step title="ChmodRecursive Process exited with total time taken in ms: 81" date="2025-10-30T15:28:04.266" /><!-- duration: 6ms -->
    </step><!-- duration: 1272ms -->
    <step title="Deployment timer started" date="2025-10-30T15:28:06.324" >
      <step title="DeploymentManager.Deploy(id:be62e876-4e85-44e2-bd24-6be3cacb2e0b)" date="2025-10-30T15:28:06.338" >
        <step title="Collecting changeset information" date="2025-10-30T15:28:06.351" /><!-- duration: 99ms -->
        <step title="Updating submodules" date="2025-10-30T15:28:06.467" /><!-- duration: 1174ms -->
        <step title="Determining deployment builder" date="2025-10-30T15:28:07.865" >
          <step title="Builder is OryxBuilder" date="2025-10-30T15:28:07.872" /><!-- duration: 2ms -->
        </step><!-- duration: 11ms -->
        <step title="PreDeployment: context.CleanOutputPath False" date="2025-10-30T15:28:07.959" >
          <step title="PreDeployment: context.OutputPath /home/site/wwwroot" date="2025-10-30T15:28:08.079" >
            <step title="Building" date="2025-10-30T15:28:08.339" >
              <step title="Executing external process" date="2025-10-30T15:28:08.644" type="process" path="bash" arguments="-c &quot;oryx build /tmp/zipdeploy/extracted -o /home/site/wwwroot --platform python --platform-version 3.11 -p virtualenv_name=antenv --log-file /tmp/build-debug.log  -i /tmp/8de17c8ed824110 --compress-destination-dir | tee /tmp/oryx-build.log ; exit $PIPESTATUS &quot;" >
                <step title="Process dump" date="2025-10-30T15:29:16.109" exitCode="1" type="processOutput" /><!-- duration: 4ms -->
              </step><!-- duration: 67475ms -->
              <step title="Error occurred" date="2025-10-30T15:29:16.165" type="error" text="Traceback (most recent call last):
  File &quot;/tmp/8de17c8ed824110/antenv/lib/python3.11/site-packages/django/core/management/base.py&quot;, line 413, in run_from_argv
    self.execute(*args, **cmd_options)
  File &quot;/tmp/8de17c8ed824110/antenv/lib/python3.11/site-packages/django/core/management/base.py&quot;, line 459, in execute
    output = self.handle(*args, **options)
             ^^^^^^^^^^^^^^^^^^^^^^^^^^^^^
  File &quot;/tmp/8de17c8ed824110/antenv/lib/python3.11/site-packages/django/core/management/base.py&quot;, line 104, in wrapper
    saved_locale = translation.get_language()
                   ^^^^^^^^^^^^^^^^^^^^^^^^^^
  File &quot;/tmp/8de17c8ed824110/antenv/lib/python3.11/site-packages/django/utils/translation/__init__.py&quot;, line 211, in get_language
    return _trans.get_language()
           ^^^^^^^^^^^^^^^^^^^
  File &quot;/tmp/8de17c8ed824110/antenv/lib/python3.11/site-packages/django/utils/translation/__init__.py&quot;, line 66, in __getattr__
    if settings.USE_I18N:
       ^^^^^^^^^^^^^^^^^
  File &quot;/tmp/8de17c8ed824110/antenv/lib/python3.11/site-packages/django/conf/__init__.py&quot;, line 89, in __getattr__
    self._setup(name)
  File &quot;/tmp/8de17c8ed824110/antenv/lib/python3.11/site-packages/django/conf/__init__.py&quot;, line 76, in _setup
    self._wrapped = Settings(settings_module)
                    ^^^^^^^^^^^^^^^^^^^^^^^^^
  File &quot;/tmp/8de17c8ed824110/antenv/lib/python3.11/site-packages/django/conf/__init__.py&quot;, line 190, in __init__
    mod = importlib.import_module(self.SETTINGS_MODULE)
          ^^^^^^^^^^^^^^^^^^^^^^^^^^^^^^^^^^^^^^^^^^^^^
  File &quot;/tmp/oryx/platforms/python/3.11.14/lib/python3.11/importlib/__init__.py&quot;, line 126, in import_module
    return _bootstrap._gcd_import(name[level:], package, level)
           ^^^^^^^^^^^^^^^^^^^^^^^^^^^^^^^^^^^^^^^^^^^^^^^^^^^^
  File &quot;&lt;frozen importlib._bootstrap&gt;&quot;, line 1204, in _gcd_import
  File &quot;&lt;frozen importlib._bootstrap&gt;&quot;, line 1176, in _find_and_load
  File &quot;&lt;frozen importlib._bootstrap&gt;&quot;, line 1147, in _find_and_load_unlocked
  File &quot;&lt;frozen importlib._bootstrap&gt;&quot;, line 690, in _load_unlocked
  File &quot;&lt;frozen importlib._bootstrap_external&gt;&quot;, line 940, in exec_module
  File &quot;&lt;frozen importlib._bootstrap&gt;&quot;, line 241, in _call_with_frames_removed
  File &quot;/tmp/8de17c8ed824110/config/settings.py&quot;, line 14, in &lt;module&gt;
    from decouple import config
ModuleNotFoundError: No module named &apos;decouple&apos;

During handling of the above exception, another exception occurred:

Traceback (most recent call last):
  File &quot;/tmp/8de17c8ed824110/manage.py&quot;, line 22, in &lt;module&gt;
    main()
  File &quot;/tmp/8de17c8ed824110/manage.py&quot;, line 18, in main
    execute_from_command_line(sys.argv)
  File &quot;/tmp/8de17c8ed824110/antenv/lib/python3.11/site-packages/django/core/management/__init__.py&quot;, line 442, in execute_from_command_line
    utility.execute()
  File &quot;/tmp/8de17c8ed824110/antenv/lib/python3.11/site-packages/django/core/management/__init__.py&quot;, line 436, in execute
    self.fetch_command(subcommand).run_from_argv(self.argv)
  File &quot;/tmp/8de17c8ed824110/antenv/lib/python3.11/site-packages/django/core/management/base.py&quot;, line 426, in run_from_argv
    connections.close_all()
  File &quot;/tmp/8de17c8ed824110/antenv/lib/python3.11/site-packages/django/utils/connection.py&quot;, line 84, in close_all
    for conn in self.all(initialized_only=True):
                ^^^^^^^^^^^^^^^^^^^^^^^^^^^^^^^
  File &quot;/tmp/8de17c8ed824110/antenv/lib/python3.11/site-packages/django/utils/connection.py&quot;, line 76, in all
    return [
           ^
  File &quot;/tmp/8de17c8ed824110/antenv/lib/python3.11/site-packages/django/utils/connection.py&quot;, line 73, in __iter__
    return iter(self.settings)
                ^^^^^^^^^^^^^
  File &quot;/tmp/8de17c8ed824110/antenv/lib/python3.11/site-packages/django/utils/functional.py&quot;, line 47, in __get__
    res = instance.__dict__[self.name] = self.func(instance)
                                         ^^^^^^^^^^^^^^^^^^^
  File &quot;/tmp/8de17c8ed824110/antenv/lib/python3.11/site-packages/django/utils/connection.py&quot;, line 45, in settings
    self._settings = self.configure_settings(self._settings)
                     ^^^^^^^^^^^^^^^^^^^^^^^^^^^^^^^^^^^^^^^
  File &quot;/tmp/8de17c8ed824110/antenv/lib/python3.11/site-packages/django/db/utils.py&quot;, line 148, in configure_settings
    databases = super().configure_settings(databases)
                ^^^^^^^^^^^^^^^^^^^^^^^^^^^^^^^^^^^^^
  File &quot;/tmp/8de17c8ed824110/antenv/lib/python3.11/site-packages/django/utils/connection.py&quot;, line 50, in configure_settings
    settings = getattr(django_settings, self.settings_name)
               ^^^^^^^^^^^^^^^^^^^^^^^^^^^^^^^^^^^^^^^^^^^^
  File &quot;/tmp/8de17c8ed824110/antenv/lib/python3.11/site-packages/django/conf/__init__.py&quot;, line 89, in __getattr__
    self._setup(name)
  File &quot;/tmp/8de17c8ed824110/antenv/lib/python3.11/site-packages/django/conf/__init__.py&quot;, line 76, in _setup
    self._wrapped = Settings(settings_module)
                    ^^^^^^^^^^^^^^^^^^^^^^^^^
  File &quot;/tmp/8de17c8ed824110/antenv/lib/python3.11/site-packages/django/conf/__init__.py&quot;, line 190, in __init__
    mod = importlib.import_module(self.SETTINGS_MODULE)
          ^^^^^^^^^^^^^^^^^^^^^^^^^^^^^^^^^^^^^^^^^^^^^
  File &quot;/tmp/oryx/platforms/python/3.11.14/lib/python3.11/importlib/__init__.py&quot;, line 126, in import_module
    return _bootstrap._gcd_import(name[level:], package, level)
           ^^^^^^^^^^^^^^^^^^^^^^^^^^^^^^^^^^^^^^^^^^^^^^^^^^^^
  File &quot;&lt;frozen importlib._bootstrap&gt;&quot;, line 1204, in _gcd_import
  File &quot;&lt;frozen importlib._bootstrap&gt;&quot;, line 1176, in _find_and_load
  File &quot;&lt;frozen importlib._bootstrap&gt;&quot;, line 1147, in _find_and_load_unlocked
  File &quot;&lt;frozen importlib._bootstrap&gt;&quot;, line 690, in _load_unlocked
  File &quot;&lt;frozen importlib._bootstrap_external&gt;&quot;, line 940, in exec_module
  File &quot;&lt;frozen importlib._bootstrap&gt;&quot;, line 241, in _call_with_frames_removed
  File &quot;/tmp/8de17c8ed824110/config/settings.py&quot;, line 14, in &lt;module&gt;
    from decouple import config
ModuleNotFoundError: No module named &apos;decouple&apos;
/bin/bash -c &quot;oryx build /tmp/zipdeploy/extracted -o /home/site/wwwroot --platform python --platform-version 3.11 -p virtualenv_name=antenv --log-file /tmp/build-debug.log  -i /tmp/8de17c8ed824110 --compress-destination-dir | tee /tmp/oryx-build.log ; exit $PIPESTATUS &quot;" stackTrace="   at Kudu.Core.Infrastructure.Executable.ExecuteInternal(ITracer tracer, Func`2 onWriteOutput, Func`2 onWriteError, CancellationToken token, Encoding encoding, String arguments, Object[] args) in /tmp/KuduLite/Kudu.Core/Infrastructure/Executable.cs:line 239
   at Kudu.Core.Infrastructure.Executable.ExecuteWithProgressWriter(ILogger logger, ITracer tracer, CancellationToken token, String arguments, Object[] args) in /tmp/KuduLite/Kudu.Core/Infrastructure/Executable.cs:line 118
   at Kudu.Core.Deployment.Generator.ExternalCommandBuilder.RunCommand(DeploymentContext context, String command, Boolean ignoreManifest, CancellationToken token, String message) in /tmp/KuduLite/Kudu.Core/Deployment/Generator/ExternalCommandBuilder.cs:line 122" /><!-- duration: 5ms -->
              <step title="Error occurred" date="2025-10-30T15:29:16.176" type="error" text="Traceback (most recent call last):
  File &quot;/tmp/8de17c8ed824110/antenv/lib/python3.11/site-packages/django/core/management/base.py&quot;, line 413, in run_from_argv
    self.execute(*args, **cmd_options)
  File &quot;/tmp/8de17c8ed824110/antenv/lib/python3.11/site-packages/django/core/management/base.py&quot;, line 459, in execute
    output = self.handle(*args, **options)
             ^^^^^^^^^^^^^^^^^^^^^^^^^^^^^
  File &quot;/tmp/8de17c8ed824110/antenv/lib/python3.11/site-packages/django/core/management/base.py&quot;, line 104, in wrapper
    saved_locale = translation.get_language()
                   ^^^^^^^^^^^^^^^^^^^^^^^^^^
  File &quot;/tmp/8de17c8ed824110/antenv/lib/python3.11/site-packages/django/utils/translation/__init__.py&quot;, line 211, in get_language
    return _trans.get_language()
           ^^^^^^^^^^^^^^^^^^^
  File &quot;/tmp/8de17c8ed824110/antenv/lib/python3.11/site-packages/django/utils/translation/__init__.py&quot;, line 66, in __getattr__
    if settings.USE_I18N:
       ^^^^^^^^^^^^^^^^^
  File &quot;/tmp/8de17c8ed824110/antenv/lib/python3.11/site-packages/django/conf/__init__.py&quot;, line 89, in __getattr__
    self._setup(name)
  File &quot;/tmp/8de17c8ed824110/antenv/lib/python3.11/site-packages/django/conf/__init__.py&quot;, line 76, in _setup
    self._wrapped = Settings(settings_module)
                    ^^^^^^^^^^^^^^^^^^^^^^^^^
  File &quot;/tmp/8de17c8ed824110/antenv/lib/python3.11/site-packages/django/conf/__init__.py&quot;, line 190, in __init__
    mod = importlib.import_module(self.SETTINGS_MODULE)
          ^^^^^^^^^^^^^^^^^^^^^^^^^^^^^^^^^^^^^^^^^^^^^
  File &quot;/tmp/oryx/platforms/python/3.11.14/lib/python3.11/importlib/__init__.py&quot;, line 126, in import_module
    return _bootstrap._gcd_import(name[level:], package, level)
           ^^^^^^^^^^^^^^^^^^^^^^^^^^^^^^^^^^^^^^^^^^^^^^^^^^^^
  File &quot;&lt;frozen importlib._bootstrap&gt;&quot;, line 1204, in _gcd_import
  File &quot;&lt;frozen importlib._bootstrap&gt;&quot;, line 1176, in _find_and_load
  File &quot;&lt;frozen importlib._bootstrap&gt;&quot;, line 1147, in _find_and_load_unlocked
  File &quot;&lt;frozen importlib._bootstrap&gt;&quot;, line 690, in _load_unlocked
  File &quot;&lt;frozen importlib._bootstrap_external&gt;&quot;, line 940, in exec_module
  File &quot;&lt;frozen importlib._bootstrap&gt;&quot;, line 241, in _call_with_frames_removed
  File &quot;/tmp/8de17c8ed824110/config/settings.py&quot;, line 14, in &lt;module&gt;
    from decouple import config
ModuleNotFoundError: No module named &apos;decouple&apos;

During handling of the above exception, another exception occurred:

Traceback (most recent call last):
  File &quot;/tmp/8de17c8ed824110/manage.py&quot;, line 22, in &lt;module&gt;
    main()
  File &quot;/tmp/8de17c8ed824110/manage.py&quot;, line 18, in main
    execute_from_command_line(sys.argv)
  File &quot;/tmp/8de17c8ed824110/antenv/lib/python3.11/site-packages/django/core/management/__init__.py&quot;, line 442, in execute_from_command_line
    utility.execute()
  File &quot;/tmp/8de17c8ed824110/antenv/lib/python3.11/site-packages/django/core/management/__init__.py&quot;, line 436, in execute
    self.fetch_command(subcommand).run_from_argv(self.argv)
  File &quot;/tmp/8de17c8ed824110/antenv/lib/python3.11/site-packages/django/core/management/base.py&quot;, line 426, in run_from_argv
    connections.close_all()
  File &quot;/tmp/8de17c8ed824110/antenv/lib/python3.11/site-packages/django/utils/connection.py&quot;, line 84, in close_all
    for conn in self.all(initialized_only=True):
                ^^^^^^^^^^^^^^^^^^^^^^^^^^^^^^^
  File &quot;/tmp/8de17c8ed824110/antenv/lib/python3.11/site-packages/django/utils/connection.py&quot;, line 76, in all
    return [
           ^
  File &quot;/tmp/8de17c8ed824110/antenv/lib/python3.11/site-packages/django/utils/connection.py&quot;, line 73, in __iter__
    return iter(self.settings)
                ^^^^^^^^^^^^^
  File &quot;/tmp/8de17c8ed824110/antenv/lib/python3.11/site-packages/django/utils/functional.py&quot;, line 47, in __get__
    res = instance.__dict__[self.name] = self.func(instance)
                                         ^^^^^^^^^^^^^^^^^^^
  File &quot;/tmp/8de17c8ed824110/antenv/lib/python3.11/site-packages/django/utils/connection.py&quot;, line 45, in settings
    self._settings = self.configure_settings(self._settings)
                     ^^^^^^^^^^^^^^^^^^^^^^^^^^^^^^^^^^^^^^^
  File &quot;/tmp/8de17c8ed824110/antenv/lib/python3.11/site-packages/django/db/utils.py&quot;, line 148, in configure_settings
    databases = super().configure_settings(databases)
                ^^^^^^^^^^^^^^^^^^^^^^^^^^^^^^^^^^^^^
  File &quot;/tmp/8de17c8ed824110/antenv/lib/python3.11/site-packages/django/utils/connection.py&quot;, line 50, in configure_settings
    settings = getattr(django_settings, self.settings_name)
               ^^^^^^^^^^^^^^^^^^^^^^^^^^^^^^^^^^^^^^^^^^^^
  File &quot;/tmp/8de17c8ed824110/antenv/lib/python3.11/site-packages/django/conf/__init__.py&quot;, line 89, in __getattr__
    self._setup(name)
  File &quot;/tmp/8de17c8ed824110/antenv/lib/python3.11/site-packages/django/conf/__init__.py&quot;, line 76, in _setup
    self._wrapped = Settings(settings_module)
                    ^^^^^^^^^^^^^^^^^^^^^^^^^
  File &quot;/tmp/8de17c8ed824110/antenv/lib/python3.11/site-packages/django/conf/__init__.py&quot;, line 190, in __init__
    mod = importlib.import_module(self.SETTINGS_MODULE)
          ^^^^^^^^^^^^^^^^^^^^^^^^^^^^^^^^^^^^^^^^^^^^^
  File &quot;/tmp/oryx/platforms/python/3.11.14/lib/python3.11/importlib/__init__.py&quot;, line 126, in import_module
    return _bootstrap._gcd_import(name[level:], package, level)
           ^^^^^^^^^^^^^^^^^^^^^^^^^^^^^^^^^^^^^^^^^^^^^^^^^^^^
  File &quot;&lt;frozen importlib._bootstrap&gt;&quot;, line 1204, in _gcd_import
  File &quot;&lt;frozen importlib._bootstrap&gt;&quot;, line 1176, in _find_and_load
  File &quot;&lt;frozen importlib._bootstrap&gt;&quot;, line 1147, in _find_and_load_unlocked
  File &quot;&lt;frozen importlib._bootstrap&gt;&quot;, line 690, in _load_unlocked
  File &quot;&lt;frozen importlib._bootstrap_external&gt;&quot;, line 940, in exec_module
  File &quot;&lt;frozen importlib._bootstrap&gt;&quot;, line 241, in _call_with_frames_removed
  File &quot;/tmp/8de17c8ed824110/config/settings.py&quot;, line 14, in &lt;module&gt;
    from decouple import config
ModuleNotFoundError: No module named &apos;decouple&apos;
/bin/bash -c &quot;oryx build /tmp/zipdeploy/extracted -o /home/site/wwwroot --platform python --platform-version 3.11 -p virtualenv_name=antenv --log-file /tmp/build-debug.log  -i /tmp/8de17c8ed824110 --compress-destination-dir | tee /tmp/oryx-build.log ; exit $PIPESTATUS &quot;" stackTrace="   at Kudu.Core.Infrastructure.Executable.ExecuteInternal(ITracer tracer, Func`2 onWriteOutput, Func`2 onWriteError, CancellationToken token, Encoding encoding, String arguments, Object[] args) in /tmp/KuduLite/Kudu.Core/Infrastructure/Executable.cs:line 239
   at Kudu.Core.Infrastructure.Executable.ExecuteWithProgressWriter(ILogger logger, ITracer tracer, CancellationToken token, String arguments, Object[] args) in /tmp/KuduLite/Kudu.Core/Infrastructure/Executable.cs:line 118
   at Kudu.Core.Deployment.Generator.ExternalCommandBuilder.RunCommand(DeploymentContext context, String command, Boolean ignoreManifest, CancellationToken token, String message) in /tmp/KuduLite/Kudu.Core/Deployment/Generator/ExternalCommandBuilder.cs:line 122
   at Kudu.Core.Deployment.Generator.OryxBuilder.RunBuildCommand(IOryxArguments args, DeploymentContext context, CancellationToken token) in /tmp/KuduLite/Kudu.Core/Deployment/Generator/OryxBuilder.cs:line 295
   at Kudu.Core.Deployment.Generator.OryxBuilder.Build(DeploymentContext context, CancellationToken token) in /tmp/KuduLite/Kudu.Core/Deployment/Generator/OryxBuilder.cs:line 136
   at Kudu.Core.Deployment.DeploymentManager.Build(ChangeSet changeSet, ITracer tracer, IDisposable deployStep, IRepository repository, DeploymentInfoBase deploymentInfo, DeploymentAnalytics deploymentAnalytics, Boolean fullBuildByDefault, CancellationToken cancellationToken) in /tmp/KuduLite/Kudu.Core/Deployment/DeploymentManager.cs:line 771" /><!-- duration: 4ms -->
              <step title="Using PythonDeploymentLogParser" date="2025-10-30T15:29:16.432" /><!-- duration: 3ms -->
            </step><!-- duration: 69949ms -->
          </step><!-- duration: 70214ms -->
          <step title="Error occurred" date="2025-10-30T15:29:18.296" type="error" text="Traceback (most recent call last):
  File &quot;/tmp/8de17c8ed824110/antenv/lib/python3.11/site-packages/django/core/management/base.py&quot;, line 413, in run_from_argv
    self.execute(*args, **cmd_options)
  File &quot;/tmp/8de17c8ed824110/antenv/lib/python3.11/site-packages/django/core/management/base.py&quot;, line 459, in execute
    output = self.handle(*args, **options)
             ^^^^^^^^^^^^^^^^^^^^^^^^^^^^^
  File &quot;/tmp/8de17c8ed824110/antenv/lib/python3.11/site-packages/django/core/management/base.py&quot;, line 104, in wrapper
    saved_locale = translation.get_language()
                   ^^^^^^^^^^^^^^^^^^^^^^^^^^
  File &quot;/tmp/8de17c8ed824110/antenv/lib/python3.11/site-packages/django/utils/translation/__init__.py&quot;, line 211, in get_language
    return _trans.get_language()
           ^^^^^^^^^^^^^^^^^^^
  File &quot;/tmp/8de17c8ed824110/antenv/lib/python3.11/site-packages/django/utils/translation/__init__.py&quot;, line 66, in __getattr__
    if settings.USE_I18N:
       ^^^^^^^^^^^^^^^^^
  File &quot;/tmp/8de17c8ed824110/antenv/lib/python3.11/site-packages/django/conf/__init__.py&quot;, line 89, in __getattr__
    self._setup(name)
  File &quot;/tmp/8de17c8ed824110/antenv/lib/python3.11/site-packages/django/conf/__init__.py&quot;, line 76, in _setup
    self._wrapped = Settings(settings_module)
                    ^^^^^^^^^^^^^^^^^^^^^^^^^
  File &quot;/tmp/8de17c8ed824110/antenv/lib/python3.11/site-packages/django/conf/__init__.py&quot;, line 190, in __init__
    mod = importlib.import_module(self.SETTINGS_MODULE)
          ^^^^^^^^^^^^^^^^^^^^^^^^^^^^^^^^^^^^^^^^^^^^^
  File &quot;/tmp/oryx/platforms/python/3.11.14/lib/python3.11/importlib/__init__.py&quot;, line 126, in import_module
    return _bootstrap._gcd_import(name[level:], package, level)
           ^^^^^^^^^^^^^^^^^^^^^^^^^^^^^^^^^^^^^^^^^^^^^^^^^^^^
  File &quot;&lt;frozen importlib._bootstrap&gt;&quot;, line 1204, in _gcd_import
  File &quot;&lt;frozen importlib._bootstrap&gt;&quot;, line 1176, in _find_and_load
  File &quot;&lt;frozen importlib._bootstrap&gt;&quot;, line 1147, in _find_and_load_unlocked
  File &quot;&lt;frozen importlib._bootstrap&gt;&quot;, line 690, in _load_unlocked
  File &quot;&lt;frozen importlib._bootstrap_external&gt;&quot;, line 940, in exec_module
  File &quot;&lt;frozen importlib._bootstrap&gt;&quot;, line 241, in _call_with_frames_removed
  File &quot;/tmp/8de17c8ed824110/config/settings.py&quot;, line 14, in &lt;module&gt;
    from decouple import config
ModuleNotFoundError: No module named &apos;decouple&apos;

During handling of the above exception, another exception occurred:

Traceback (most recent call last):
  File &quot;/tmp/8de17c8ed824110/manage.py&quot;, line 22, in &lt;module&gt;
    main()
  File &quot;/tmp/8de17c8ed824110/manage.py&quot;, line 18, in main
    execute_from_command_line(sys.argv)
  File &quot;/tmp/8de17c8ed824110/antenv/lib/python3.11/site-packages/django/core/management/__init__.py&quot;, line 442, in execute_from_command_line
    utility.execute()
  File &quot;/tmp/8de17c8ed824110/antenv/lib/python3.11/site-packages/django/core/management/__init__.py&quot;, line 436, in execute
    self.fetch_command(subcommand).run_from_argv(self.argv)
  File &quot;/tmp/8de17c8ed824110/antenv/lib/python3.11/site-packages/django/core/management/base.py&quot;, line 426, in run_from_argv
    connections.close_all()
  File &quot;/tmp/8de17c8ed824110/antenv/lib/python3.11/site-packages/django/utils/connection.py&quot;, line 84, in close_all
    for conn in self.all(initialized_only=True):
                ^^^^^^^^^^^^^^^^^^^^^^^^^^^^^^^
  File &quot;/tmp/8de17c8ed824110/antenv/lib/python3.11/site-packages/django/utils/connection.py&quot;, line 76, in all
    return [
           ^
  File &quot;/tmp/8de17c8ed824110/antenv/lib/python3.11/site-packages/django/utils/connection.py&quot;, line 73, in __iter__
    return iter(self.settings)
                ^^^^^^^^^^^^^
  File &quot;/tmp/8de17c8ed824110/antenv/lib/python3.11/site-packages/django/utils/functional.py&quot;, line 47, in __get__
    res = instance.__dict__[self.name] = self.func(instance)
                                         ^^^^^^^^^^^^^^^^^^^
  File &quot;/tmp/8de17c8ed824110/antenv/lib/python3.11/site-packages/django/utils/connection.py&quot;, line 45, in settings
    self._settings = self.configure_settings(self._settings)
                     ^^^^^^^^^^^^^^^^^^^^^^^^^^^^^^^^^^^^^^^
  File &quot;/tmp/8de17c8ed824110/antenv/lib/python3.11/site-packages/django/db/utils.py&quot;, line 148, in configure_settings
    databases = super().configure_settings(databases)
                ^^^^^^^^^^^^^^^^^^^^^^^^^^^^^^^^^^^^^
  File &quot;/tmp/8de17c8ed824110/antenv/lib/python3.11/site-packages/django/utils/connection.py&quot;, line 50, in configure_settings
    settings = getattr(django_settings, self.settings_name)
               ^^^^^^^^^^^^^^^^^^^^^^^^^^^^^^^^^^^^^^^^^^^^
  File &quot;/tmp/8de17c8ed824110/antenv/lib/python3.11/site-packages/django/conf/__init__.py&quot;, line 89, in __getattr__
    self._setup(name)
  File &quot;/tmp/8de17c8ed824110/antenv/lib/python3.11/site-packages/django/conf/__init__.py&quot;, line 76, in _setup
    self._wrapped = Settings(settings_module)
                    ^^^^^^^^^^^^^^^^^^^^^^^^^
  File &quot;/tmp/8de17c8ed824110/antenv/lib/python3.11/site-packages/django/conf/__init__.py&quot;, line 190, in __init__
    mod = importlib.import_module(self.SETTINGS_MODULE)
          ^^^^^^^^^^^^^^^^^^^^^^^^^^^^^^^^^^^^^^^^^^^^^
  File &quot;/tmp/oryx/platforms/python/3.11.14/lib/python3.11/importlib/__init__.py&quot;, line 126, in import_module
    return _bootstrap._gcd_import(name[level:], package, level)
           ^^^^^^^^^^^^^^^^^^^^^^^^^^^^^^^^^^^^^^^^^^^^^^^^^^^^
  File &quot;&lt;frozen importlib._bootstrap&gt;&quot;, line 1204, in _gcd_import
  File &quot;&lt;frozen importlib._bootstrap&gt;&quot;, line 1176, in _find_and_load
  File &quot;&lt;frozen importlib._bootstrap&gt;&quot;, line 1147, in _find_and_load_unlocked
  File &quot;&lt;frozen importlib._bootstrap&gt;&quot;, line 690, in _load_unlocked
  File &quot;&lt;frozen importlib._bootstrap_external&gt;&quot;, line 940, in exec_module
  File &quot;&lt;frozen importlib._bootstrap&gt;&quot;, line 241, in _call_with_frames_removed
  File &quot;/tmp/8de17c8ed824110/config/settings.py&quot;, line 14, in &lt;module&gt;
    from decouple import config
ModuleNotFoundError: No module named &apos;decouple&apos;
/bin/bash -c &quot;oryx build /tmp/zipdeploy/extracted -o /home/site/wwwroot --platform python --platform-version 3.11 -p virtualenv_name=antenv --log-file /tmp/build-debug.log  -i /tmp/8de17c8ed824110 --compress-destination-dir | tee /tmp/oryx-build.log ; exit $PIPESTATUS &quot;" stackTrace="   at Kudu.Core.Infrastructure.Executable.ExecuteInternal(ITracer tracer, Func`2 onWriteOutput, Func`2 onWriteError, CancellationToken token, Encoding encoding, String arguments, Object[] args) in /tmp/KuduLite/Kudu.Core/Infrastructure/Executable.cs:line 239
   at Kudu.Core.Infrastructure.Executable.ExecuteWithProgressWriter(ILogger logger, ITracer tracer, CancellationToken token, String arguments, Object[] args) in /tmp/KuduLite/Kudu.Core/Infrastructure/Executable.cs:line 118
   at Kudu.Core.Deployment.Generator.ExternalCommandBuilder.RunCommand(DeploymentContext context, String command, Boolean ignoreManifest, CancellationToken token, String message) in /tmp/KuduLite/Kudu.Core/Deployment/Generator/ExternalCommandBuilder.cs:line 122
   at Kudu.Core.Deployment.Generator.OryxBuilder.RunBuildCommand(IOryxArguments args, DeploymentContext context, CancellationToken token) in /tmp/KuduLite/Kudu.Core/Deployment/Generator/OryxBuilder.cs:line 295
   at Kudu.Core.Deployment.Generator.OryxBuilder.Build(DeploymentContext context, CancellationToken token) in /tmp/KuduLite/Kudu.Core/Deployment/Generator/OryxBuilder.cs:line 136
   at Kudu.Core.Deployment.DeploymentManager.Build(ChangeSet changeSet, ITracer tracer, IDisposable deployStep, IRepository repository, DeploymentInfoBase deploymentInfo, DeploymentAnalytics deploymentAnalytics, Boolean fullBuildByDefault, CancellationToken cancellationToken) in /tmp/KuduLite/Kudu.Core/Deployment/DeploymentManager.cs:line 771
   at Kudu.Core.Deployment.DeploymentManager.Build(ChangeSet changeSet, ITracer tracer, IDisposable deployStep, IRepository repository, DeploymentInfoBase deploymentInfo, DeploymentAnalytics deploymentAnalytics, Boolean fullBuildByDefault, CancellationToken cancellationToken) in /tmp/KuduLite/Kudu.Core/Deployment/DeploymentManager.cs:line 840" /><!-- duration: 5ms -->
          <step title="Cleaning up temp files" date="2025-10-30T15:29:18.353" /><!-- duration: 2439ms -->
          <step title="Cleaning up temp files" date="2025-10-30T15:29:20.799" /><!-- duration: 504ms -->
          <step title="Error occurred" date="2025-10-30T15:29:21.324" type="error" text="Traceback (most recent call last):
  File &quot;/tmp/8de17c8ed824110/antenv/lib/python3.11/site-packages/django/core/management/base.py&quot;, line 413, in run_from_argv
    self.execute(*args, **cmd_options)
  File &quot;/tmp/8de17c8ed824110/antenv/lib/python3.11/site-packages/django/core/management/base.py&quot;, line 459, in execute
    output = self.handle(*args, **options)
             ^^^^^^^^^^^^^^^^^^^^^^^^^^^^^
  File &quot;/tmp/8de17c8ed824110/antenv/lib/python3.11/site-packages/django/core/management/base.py&quot;, line 104, in wrapper
    saved_locale = translation.get_language()
                   ^^^^^^^^^^^^^^^^^^^^^^^^^^
  File &quot;/tmp/8de17c8ed824110/antenv/lib/python3.11/site-packages/django/utils/translation/__init__.py&quot;, line 211, in get_language
    return _trans.get_language()
           ^^^^^^^^^^^^^^^^^^^
  File &quot;/tmp/8de17c8ed824110/antenv/lib/python3.11/site-packages/django/utils/translation/__init__.py&quot;, line 66, in __getattr__
    if settings.USE_I18N:
       ^^^^^^^^^^^^^^^^^
  File &quot;/tmp/8de17c8ed824110/antenv/lib/python3.11/site-packages/django/conf/__init__.py&quot;, line 89, in __getattr__
    self._setup(name)
  File &quot;/tmp/8de17c8ed824110/antenv/lib/python3.11/site-packages/django/conf/__init__.py&quot;, line 76, in _setup
    self._wrapped = Settings(settings_module)
                    ^^^^^^^^^^^^^^^^^^^^^^^^^
  File &quot;/tmp/8de17c8ed824110/antenv/lib/python3.11/site-packages/django/conf/__init__.py&quot;, line 190, in __init__
    mod = importlib.import_module(self.SETTINGS_MODULE)
          ^^^^^^^^^^^^^^^^^^^^^^^^^^^^^^^^^^^^^^^^^^^^^
  File &quot;/tmp/oryx/platforms/python/3.11.14/lib/python3.11/importlib/__init__.py&quot;, line 126, in import_module
    return _bootstrap._gcd_import(name[level:], package, level)
           ^^^^^^^^^^^^^^^^^^^^^^^^^^^^^^^^^^^^^^^^^^^^^^^^^^^^
  File &quot;&lt;frozen importlib._bootstrap&gt;&quot;, line 1204, in _gcd_import
  File &quot;&lt;frozen importlib._bootstrap&gt;&quot;, line 1176, in _find_and_load
  File &quot;&lt;frozen importlib._bootstrap&gt;&quot;, line 1147, in _find_and_load_unlocked
  File &quot;&lt;frozen importlib._bootstrap&gt;&quot;, line 690, in _load_unlocked
  File &quot;&lt;frozen importlib._bootstrap_external&gt;&quot;, line 940, in exec_module
  File &quot;&lt;frozen importlib._bootstrap&gt;&quot;, line 241, in _call_with_frames_removed
  File &quot;/tmp/8de17c8ed824110/config/settings.py&quot;, line 14, in &lt;module&gt;
    from decouple import config
ModuleNotFoundError: No module named &apos;decouple&apos;

During handling of the above exception, another exception occurred:

Traceback (most recent call last):
  File &quot;/tmp/8de17c8ed824110/manage.py&quot;, line 22, in &lt;module&gt;
    main()
  File &quot;/tmp/8de17c8ed824110/manage.py&quot;, line 18, in main
    execute_from_command_line(sys.argv)
  File &quot;/tmp/8de17c8ed824110/antenv/lib/python3.11/site-packages/django/core/management/__init__.py&quot;, line 442, in execute_from_command_line
    utility.execute()
  File &quot;/tmp/8de17c8ed824110/antenv/lib/python3.11/site-packages/django/core/management/__init__.py&quot;, line 436, in execute
    self.fetch_command(subcommand).run_from_argv(self.argv)
  File &quot;/tmp/8de17c8ed824110/antenv/lib/python3.11/site-packages/django/core/management/base.py&quot;, line 426, in run_from_argv
    connections.close_all()
  File &quot;/tmp/8de17c8ed824110/antenv/lib/python3.11/site-packages/django/utils/connection.py&quot;, line 84, in close_all
    for conn in self.all(initialized_only=True):
                ^^^^^^^^^^^^^^^^^^^^^^^^^^^^^^^
  File &quot;/tmp/8de17c8ed824110/antenv/lib/python3.11/site-packages/django/utils/connection.py&quot;, line 76, in all
    return [
           ^
  File &quot;/tmp/8de17c8ed824110/antenv/lib/python3.11/site-packages/django/utils/connection.py&quot;, line 73, in __iter__
    return iter(self.settings)
                ^^^^^^^^^^^^^
  File &quot;/tmp/8de17c8ed824110/antenv/lib/python3.11/site-packages/django/utils/functional.py&quot;, line 47, in __get__
    res = instance.__dict__[self.name] = self.func(instance)
                                         ^^^^^^^^^^^^^^^^^^^
  File &quot;/tmp/8de17c8ed824110/antenv/lib/python3.11/site-packages/django/utils/connection.py&quot;, line 45, in settings
    self._settings = self.configure_settings(self._settings)
                     ^^^^^^^^^^^^^^^^^^^^^^^^^^^^^^^^^^^^^^^
  File &quot;/tmp/8de17c8ed824110/antenv/lib/python3.11/site-packages/django/db/utils.py&quot;, line 148, in configure_settings
    databases = super().configure_settings(databases)
                ^^^^^^^^^^^^^^^^^^^^^^^^^^^^^^^^^^^^^
  File &quot;/tmp/8de17c8ed824110/antenv/lib/python3.11/site-packages/django/utils/connection.py&quot;, line 50, in configure_settings
    settings = getattr(django_settings, self.settings_name)
               ^^^^^^^^^^^^^^^^^^^^^^^^^^^^^^^^^^^^^^^^^^^^
  File &quot;/tmp/8de17c8ed824110/antenv/lib/python3.11/site-packages/django/conf/__init__.py&quot;, line 89, in __getattr__
    self._setup(name)
  File &quot;/tmp/8de17c8ed824110/antenv/lib/python3.11/site-packages/django/conf/__init__.py&quot;, line 76, in _setup
    self._wrapped = Settings(settings_module)
                    ^^^^^^^^^^^^^^^^^^^^^^^^^
  File &quot;/tmp/8de17c8ed824110/antenv/lib/python3.11/site-packages/django/conf/__init__.py&quot;, line 190, in __init__
    mod = importlib.import_module(self.SETTINGS_MODULE)
          ^^^^^^^^^^^^^^^^^^^^^^^^^^^^^^^^^^^^^^^^^^^^^
  File &quot;/tmp/oryx/platforms/python/3.11.14/lib/python3.11/importlib/__init__.py&quot;, line 126, in import_module
    return _bootstrap._gcd_import(name[level:], package, level)
           ^^^^^^^^^^^^^^^^^^^^^^^^^^^^^^^^^^^^^^^^^^^^^^^^^^^^
  File &quot;&lt;frozen importlib._bootstrap&gt;&quot;, line 1204, in _gcd_import
  File &quot;&lt;frozen importlib._bootstrap&gt;&quot;, line 1176, in _find_and_load
  File &quot;&lt;frozen importlib._bootstrap&gt;&quot;, line 1147, in _find_and_load_unlocked
  File &quot;&lt;frozen importlib._bootstrap&gt;&quot;, line 690, in _load_unlocked
  File &quot;&lt;frozen importlib._bootstrap_external&gt;&quot;, line 940, in exec_module
  File &quot;&lt;frozen importlib._bootstrap&gt;&quot;, line 241, in _call_with_frames_removed
  File &quot;/tmp/8de17c8ed824110/config/settings.py&quot;, line 14, in &lt;module&gt;
    from decouple import config
ModuleNotFoundError: No module named &apos;decouple&apos;
/bin/bash -c &quot;oryx build /tmp/zipdeploy/extracted -o /home/site/wwwroot --platform python --platform-version 3.11 -p virtualenv_name=antenv --log-file /tmp/build-debug.log  -i /tmp/8de17c8ed824110 --compress-destination-dir | tee /tmp/oryx-build.log ; exit $PIPESTATUS &quot;" stackTrace="   at Kudu.Core.Infrastructure.Executable.ExecuteInternal(ITracer tracer, Func`2 onWriteOutput, Func`2 onWriteError, CancellationToken token, Encoding encoding, String arguments, Object[] args) in /tmp/KuduLite/Kudu.Core/Infrastructure/Executable.cs:line 239
   at Kudu.Core.Infrastructure.Executable.ExecuteWithProgressWriter(ILogger logger, ITracer tracer, CancellationToken token, String arguments, Object[] args) in /tmp/KuduLite/Kudu.Core/Infrastructure/Executable.cs:line 118
   at Kudu.Core.Deployment.Generator.ExternalCommandBuilder.RunCommand(DeploymentContext context, String command, Boolean ignoreManifest, CancellationToken token, String message) in /tmp/KuduLite/Kudu.Core/Deployment/Generator/ExternalCommandBuilder.cs:line 122
   at Kudu.Core.Deployment.Generator.OryxBuilder.RunBuildCommand(IOryxArguments args, DeploymentContext context, CancellationToken token) in /tmp/KuduLite/Kudu.Core/Deployment/Generator/OryxBuilder.cs:line 295
   at Kudu.Core.Deployment.Generator.OryxBuilder.Build(DeploymentContext context, CancellationToken token) in /tmp/KuduLite/Kudu.Core/Deployment/Generator/OryxBuilder.cs:line 136
   at Kudu.Core.Deployment.DeploymentManager.Build(ChangeSet changeSet, ITracer tracer, IDisposable deployStep, IRepository repository, DeploymentInfoBase deploymentInfo, DeploymentAnalytics deploymentAnalytics, Boolean fullBuildByDefault, CancellationToken cancellationToken) in /tmp/KuduLite/Kudu.Core/Deployment/DeploymentManager.cs:line 771
   at Kudu.Core.Deployment.DeploymentManager.Build(ChangeSet changeSet, ITracer tracer, IDisposable deployStep, IRepository repository, DeploymentInfoBase deploymentInfo, DeploymentAnalytics deploymentAnalytics, Boolean fullBuildByDefault, CancellationToken cancellationToken) in /tmp/KuduLite/Kudu.Core/Deployment/DeploymentManager.cs:line 840
   at Kudu.Core.Deployment.DeploymentManager.DeployAsync(IRepository repository, ChangeSet changeSet, String deployer, Boolean clean, DeploymentInfoBase deploymentInfo, Boolean needFileUpdate, Boolean fullBuildByDefault) in /tmp/KuduLite/Kudu.Core/Deployment/DeploymentManager.cs:line 266" /><!-- duration: 3ms -->
        </step><!-- duration: 73370ms -->
        <step title="Reloading status file with latest updates" date="2025-10-30T15:29:21.378" >
          <step title="WebHooksManager.PublishEventAsync: PostDeployment" date="2025-10-30T15:29:21.381" /><!-- duration: 35ms -->
        </step><!-- duration: 50ms -->
        <step title="Error occurred" date="2025-10-30T15:29:21.433" type="error" text="Traceback (most recent call last):
  File &quot;/tmp/8de17c8ed824110/antenv/lib/python3.11/site-packages/django/core/management/base.py&quot;, line 413, in run_from_argv
    self.execute(*args, **cmd_options)
  File &quot;/tmp/8de17c8ed824110/antenv/lib/python3.11/site-packages/django/core/management/base.py&quot;, line 459, in execute
    output = self.handle(*args, **options)
             ^^^^^^^^^^^^^^^^^^^^^^^^^^^^^
  File &quot;/tmp/8de17c8ed824110/antenv/lib/python3.11/site-packages/django/core/management/base.py&quot;, line 104, in wrapper
    saved_locale = translation.get_language()
                   ^^^^^^^^^^^^^^^^^^^^^^^^^^
  File &quot;/tmp/8de17c8ed824110/antenv/lib/python3.11/site-packages/django/utils/translation/__init__.py&quot;, line 211, in get_language
    return _trans.get_language()
           ^^^^^^^^^^^^^^^^^^^
  File &quot;/tmp/8de17c8ed824110/antenv/lib/python3.11/site-packages/django/utils/translation/__init__.py&quot;, line 66, in __getattr__
    if settings.USE_I18N:
       ^^^^^^^^^^^^^^^^^
  File &quot;/tmp/8de17c8ed824110/antenv/lib/python3.11/site-packages/django/conf/__init__.py&quot;, line 89, in __getattr__
    self._setup(name)
  File &quot;/tmp/8de17c8ed824110/antenv/lib/python3.11/site-packages/django/conf/__init__.py&quot;, line 76, in _setup
    self._wrapped = Settings(settings_module)
                    ^^^^^^^^^^^^^^^^^^^^^^^^^
  File &quot;/tmp/8de17c8ed824110/antenv/lib/python3.11/site-packages/django/conf/__init__.py&quot;, line 190, in __init__
    mod = importlib.import_module(self.SETTINGS_MODULE)
          ^^^^^^^^^^^^^^^^^^^^^^^^^^^^^^^^^^^^^^^^^^^^^
  File &quot;/tmp/oryx/platforms/python/3.11.14/lib/python3.11/importlib/__init__.py&quot;, line 126, in import_module
    return _bootstrap._gcd_import(name[level:], package, level)
           ^^^^^^^^^^^^^^^^^^^^^^^^^^^^^^^^^^^^^^^^^^^^^^^^^^^^
  File &quot;&lt;frozen importlib._bootstrap&gt;&quot;, line 1204, in _gcd_import
  File &quot;&lt;frozen importlib._bootstrap&gt;&quot;, line 1176, in _find_and_load
  File &quot;&lt;frozen importlib._bootstrap&gt;&quot;, line 1147, in _find_and_load_unlocked
  File &quot;&lt;frozen importlib._bootstrap&gt;&quot;, line 690, in _load_unlocked
  File &quot;&lt;frozen importlib._bootstrap_external&gt;&quot;, line 940, in exec_module
  File &quot;&lt;frozen importlib._bootstrap&gt;&quot;, line 241, in _call_with_frames_removed
  File &quot;/tmp/8de17c8ed824110/config/settings.py&quot;, line 14, in &lt;module&gt;
    from decouple import config
ModuleNotFoundError: No module named &apos;decouple&apos;

During handling of the above exception, another exception occurred:

Traceback (most recent call last):
  File &quot;/tmp/8de17c8ed824110/manage.py&quot;, line 22, in &lt;module&gt;
    main()
  File &quot;/tmp/8de17c8ed824110/manage.py&quot;, line 18, in main
    execute_from_command_line(sys.argv)
  File &quot;/tmp/8de17c8ed824110/antenv/lib/python3.11/site-packages/django/core/management/__init__.py&quot;, line 442, in execute_from_command_line
    utility.execute()
  File &quot;/tmp/8de17c8ed824110/antenv/lib/python3.11/site-packages/django/core/management/__init__.py&quot;, line 436, in execute
    self.fetch_command(subcommand).run_from_argv(self.argv)
  File &quot;/tmp/8de17c8ed824110/antenv/lib/python3.11/site-packages/django/core/management/base.py&quot;, line 426, in run_from_argv
    connections.close_all()
  File &quot;/tmp/8de17c8ed824110/antenv/lib/python3.11/site-packages/django/utils/connection.py&quot;, line 84, in close_all
    for conn in self.all(initialized_only=True):
                ^^^^^^^^^^^^^^^^^^^^^^^^^^^^^^^
  File &quot;/tmp/8de17c8ed824110/antenv/lib/python3.11/site-packages/django/utils/connection.py&quot;, line 76, in all
    return [
           ^
  File &quot;/tmp/8de17c8ed824110/antenv/lib/python3.11/site-packages/django/utils/connection.py&quot;, line 73, in __iter__
    return iter(self.settings)
                ^^^^^^^^^^^^^
  File &quot;/tmp/8de17c8ed824110/antenv/lib/python3.11/site-packages/django/utils/functional.py&quot;, line 47, in __get__
    res = instance.__dict__[self.name] = self.func(instance)
                                         ^^^^^^^^^^^^^^^^^^^
  File &quot;/tmp/8de17c8ed824110/antenv/lib/python3.11/site-packages/django/utils/connection.py&quot;, line 45, in settings
    self._settings = self.configure_settings(self._settings)
                     ^^^^^^^^^^^^^^^^^^^^^^^^^^^^^^^^^^^^^^^
  File &quot;/tmp/8de17c8ed824110/antenv/lib/python3.11/site-packages/django/db/utils.py&quot;, line 148, in configure_settings
    databases = super().configure_settings(databases)
                ^^^^^^^^^^^^^^^^^^^^^^^^^^^^^^^^^^^^^
  File &quot;/tmp/8de17c8ed824110/antenv/lib/python3.11/site-packages/django/utils/connection.py&quot;, line 50, in configure_settings
    settings = getattr(django_settings, self.settings_name)
               ^^^^^^^^^^^^^^^^^^^^^^^^^^^^^^^^^^^^^^^^^^^^
  File &quot;/tmp/8de17c8ed824110/antenv/lib/python3.11/site-packages/django/conf/__init__.py&quot;, line 89, in __getattr__
    self._setup(name)
  File &quot;/tmp/8de17c8ed824110/antenv/lib/python3.11/site-packages/django/conf/__init__.py&quot;, line 76, in _setup
    self._wrapped = Settings(settings_module)
                    ^^^^^^^^^^^^^^^^^^^^^^^^^
  File &quot;/tmp/8de17c8ed824110/antenv/lib/python3.11/site-packages/django/conf/__init__.py&quot;, line 190, in __init__
    mod = importlib.import_module(self.SETTINGS_MODULE)
          ^^^^^^^^^^^^^^^^^^^^^^^^^^^^^^^^^^^^^^^^^^^^^
  File &quot;/tmp/oryx/platforms/python/3.11.14/lib/python3.11/importlib/__init__.py&quot;, line 126, in import_module
    return _bootstrap._gcd_import(name[level:], package, level)
           ^^^^^^^^^^^^^^^^^^^^^^^^^^^^^^^^^^^^^^^^^^^^^^^^^^^^
  File &quot;&lt;frozen importlib._bootstrap&gt;&quot;, line 1204, in _gcd_import
  File &quot;&lt;frozen importlib._bootstrap&gt;&quot;, line 1176, in _find_and_load
  File &quot;&lt;frozen importlib._bootstrap&gt;&quot;, line 1147, in _find_and_load_unlocked
  File &quot;&lt;frozen importlib._bootstrap&gt;&quot;, line 690, in _load_unlocked
  File &quot;&lt;frozen importlib._bootstrap_external&gt;&quot;, line 940, in exec_module
  File &quot;&lt;frozen importlib._bootstrap&gt;&quot;, line 241, in _call_with_frames_removed
  File &quot;/tmp/8de17c8ed824110/config/settings.py&quot;, line 14, in &lt;module&gt;
    from decouple import config
ModuleNotFoundError: No module named &apos;decouple&apos;
/bin/bash -c &quot;oryx build /tmp/zipdeploy/extracted -o /home/site/wwwroot --platform python --platform-version 3.11 -p virtualenv_name=antenv --log-file /tmp/build-debug.log  -i /tmp/8de17c8ed824110 --compress-destination-dir | tee /tmp/oryx-build.log ; exit $PIPESTATUS &quot;" stackTrace="   at Kudu.Core.Infrastructure.Executable.ExecuteInternal(ITracer tracer, Func`2 onWriteOutput, Func`2 onWriteError, CancellationToken token, Encoding encoding, String arguments, Object[] args) in /tmp/KuduLite/Kudu.Core/Infrastructure/Executable.cs:line 239
   at Kudu.Core.Infrastructure.Executable.ExecuteWithProgressWriter(ILogger logger, ITracer tracer, CancellationToken token, String arguments, Object[] args) in /tmp/KuduLite/Kudu.Core/Infrastructure/Executable.cs:line 118
   at Kudu.Core.Deployment.Generator.ExternalCommandBuilder.RunCommand(DeploymentContext context, String command, Boolean ignoreManifest, CancellationToken token, String message) in /tmp/KuduLite/Kudu.Core/Deployment/Generator/ExternalCommandBuilder.cs:line 122
   at Kudu.Core.Deployment.Generator.OryxBuilder.RunBuildCommand(IOryxArguments args, DeploymentContext context, CancellationToken token) in /tmp/KuduLite/Kudu.Core/Deployment/Generator/OryxBuilder.cs:line 295
   at Kudu.Core.Deployment.Generator.OryxBuilder.Build(DeploymentContext context, CancellationToken token) in /tmp/KuduLite/Kudu.Core/Deployment/Generator/OryxBuilder.cs:line 136
   at Kudu.Core.Deployment.DeploymentManager.Build(ChangeSet changeSet, ITracer tracer, IDisposable deployStep, IRepository repository, DeploymentInfoBase deploymentInfo, DeploymentAnalytics deploymentAnalytics, Boolean fullBuildByDefault, CancellationToken cancellationToken) in /tmp/KuduLite/Kudu.Core/Deployment/DeploymentManager.cs:line 771
   at Kudu.Core.Deployment.DeploymentManager.Build(ChangeSet changeSet, ITracer tracer, IDisposable deployStep, IRepository repository, DeploymentInfoBase deploymentInfo, DeploymentAnalytics deploymentAnalytics, Boolean fullBuildByDefault, CancellationToken cancellationToken) in /tmp/KuduLite/Kudu.Core/Deployment/DeploymentManager.cs:line 840
   at Kudu.Core.Deployment.DeploymentManager.DeployAsync(IRepository repository, ChangeSet changeSet, String deployer, Boolean clean, DeploymentInfoBase deploymentInfo, Boolean needFileUpdate, Boolean fullBuildByDefault) in /tmp/KuduLite/Kudu.Core/Deployment/DeploymentManager.cs:line 266" /><!-- duration: 4ms -->
        <step title="Marking deployment as failed and cleaning up the temp deployment" date="2025-10-30T15:29:21.485" /><!-- duration: 2ms -->
      </step><!-- duration: 75272ms -->
      <step title="Error occurred" date="2025-10-30T15:29:21.621" type="error" text="One or more errors occurred. (Deployment failed)" stackTrace="   at System.Threading.Tasks.Task.ThrowIfExceptional(Boolean includeTaskCanceledExceptions)
   at System.Threading.Tasks.Task.Wait(Int32 millisecondsTimeout, CancellationToken cancellationToken)
   at System.Threading.Tasks.Task.Wait()
   at Kudu.Core.Deployment.FetchDeploymentManager.&lt;&gt;c__DisplayClass22_1.&lt;PerformBackgroundDeployment&gt;b__3() in /tmp/KuduLite/Kudu.Core/Deployment/FetchDeploymentManager.cs:line 414
   at Kudu.Contracts.Infrastructure.LockExtensions.TryLockOperation(IOperationLock lockObj, Action operation, String operationName, TimeSpan timeout) in /tmp/KuduLite/Kudu.Contracts/Infrastructure/LockExtensions.cs:line 34
   at Kudu.Contracts.Infrastructure.LockExtensions.LockOperation(IOperationLock lockObj, Action operation, String operationName, TimeSpan timeout) in /tmp/KuduLite/Kudu.Contracts/Infrastructure/LockExtensions.cs:line 46
   at Kudu.Core.Deployment.FetchDeploymentManager.&lt;&gt;c__DisplayClass22_0.&lt;PerformBackgroundDeployment&gt;b__1() in /tmp/KuduLite/Kudu.Core/Deployment/FetchDeploymentManager.cs:line 393" innerText="Deployment failed" innerStackTrace="   at Kudu.Core.Deployment.DeploymentManager.DeployAsync(IRepository repository, ChangeSet changeSet, String deployer, Boolean clean, DeploymentInfoBase deploymentInfo, Boolean needFileUpdate, Boolean fullBuildByDefault) in /tmp/KuduLite/Kudu.Core/Deployment/DeploymentManager.cs:line 307
   at Kudu.Core.Deployment.FetchDeploymentManager.PerformDeployment(DeploymentInfoBase deploymentInfo, IDisposable tempDeployment, ChangeSet tempChangeSet, DeployStatusApiResult updateStatusObj) in /tmp/KuduLite/Kudu.Core/Deployment/FetchDeploymentManager.cs:line 230" /><!-- duration: 2ms -->
    </step><!-- duration: 75302ms -->
